num_distr,mouse.time,mouse.clicked_name,,RT,,,,,,,,,,,
5,[1.1015431660052855],['target'],1.1015431660052855,1.101543166,,,,,,,,,,,
5,[1.2257431249890942],['target'],1.2257431249890942,1.225743125,,,,,,,,,,,
5,[1.0356454169959761],['target'],1.0356454169959761,1.035645417,,,,,,,,,,,
5,[1.2704740839835722],['target'],1.2704740839835722,1.270474084,,,,,,,,,,,
5,[0.9587354579998646],['target'],0.9587354579998646,0.958735458,,,,,,,,,,,
5,[1.1706340000091586],['target'],1.1706340000091586,1.170634,,,,,,,,,,,
5,[1.2261756660009269],['target'],1.2261756660009269,1.226175666,,Average of set size of 5,1.500060757,,,,,,,,
5,[1.0037328340113163],['target'],1.0037328340113163,1.003732834,,Average of set size of 10,1.64064605,,,,,,,,
5,[1.1183726669987664],['target'],1.1183726669987664,1.118372667,,Total Average,1.118372667,,,,,,,,
5,[1.2540394169918727],['target'],1.2540394169918727,1.254039417,,,,,,,,,,,
5,[0.9854194170038681],['target'],0.9854194170038681,0.985419417,,,,,,,,,,,
5,[1.5022488750109915],['target'],1.5022488750109915,1.502248875,,,Set size of 5,Set size of 10,Total Average,Slope Size (y2-y1)/(x2-x1),,,,,
5,[1.5876915830012877],['target'],1.5876915830012877,1.587691583,,Average 1,1.27935589,1.335426981,1.307391436,0.011214218,,,,,
5,[1.3181239580153488],['target'],1.3181239580153488,1.318123958,,Average 2,1.562882094,2.024319333,1.775143224,0.092287448,,,,,
5,[1.7211173750110902],['target'],1.7211173750110902,1.721117375,,Average 3,1.557029523,1.55984131,1.558618182,0.000562357,,,,,
5,[1.2705935830017552],['target'],1.2705935830017552,1.270593583,,Average 4,1.47837813,1.486903409,1.482796992,0.001705056,,,,,
5,[1.2930921659863088],['target'],1.2930921659863088,1.293092166,,Average 5,1.631096564,1.816681569,1.7891429,0.037117001,,,,,
5,[1.3040970420115627],['target'],1.3040970420115627,1.304097042,,Total Average,1.500060757,1.64064605,1.118372667,0.028117059,,,,,
5,[1.2595327919989359],['target'],1.2595327919989359,1.259532792,,,,,,,,,,,
5,[1.2358019170060288],['target'],1.2358019170060288,1.235801917,,,,,,,,,,,
5,[1.2014902500086464],['target'],1.2014902500086464,1.20149025,,,,,,,,,,,
5,[1.1043268330104183],['target'],1.1043268330104183,1.104326833,,,,,,,,,,,
5,[1.3849940410000272],['target'],1.3849940410000272,1.384994041,,,,,,,,,,,
5,[1.5094747499970254],['target'],1.5094747499970254,1.50947475,,,,,,,,,,,
5,[1.3042694169853348],['target'],1.3042694169853348,1.304269417,,,,,,,,,,,
5,[1.3876439580053557],['target'],1.3876439580053557,1.387643958,,,,,,,,,,,
5,[1.4375505410134792],['target'],1.4375505410134792,1.437550541,,,,,,,,,,,
5,[1.2427688330062665],['target'],1.2427688330062665,1.242768833,,,,,,,,,,,
5,[0.9353895829990506],['target'],0.9353895829990506,0.935389583,,,,,,,,,,,
5,[2.3096562499995343],['target'],2.3096562499995343,2.30965625,,,,,,,,,,,
5,[1.704392582993023],['target'],1.704392582993023,1.704392583,,,,,,,,,,,
5,[1.10341954199248],['target'],1.10341954199248,1.103419542,,,,,,,,,,,
5,[1.0376397910004016],['target'],1.0376397910004016,1.037639791,,,,,,,,,,,
5,[1.1188718340126798],['target'],1.1188718340126798,1.118871834,,,,,,,,,,,
5,[1.137534457986476],['target'],1.137534457986476,1.137534458,,,,,,,,,,,
5,[1.0590103750000708],['target'],1.0590103750000708,1.059010375,,,,,,,,,,,
5,[2.0044757499999832],['target'],2.0044757499999832,2.00447575,,,,,,,,,,,
5,[1.8040362089814153],['target'],1.8040362089814153,1.804036209,,,,,,,,,,,
5,[1.054189291986404],['target'],1.054189291986404,1.054189292,,,,,,,,,,,
5,[2.8873420000018086],['target'],2.8873420000018086,2.887342,,,,,,,,,,,
5,[1.218794166983571],['target'],1.218794166983571,1.218794167,,,,,,,,,,,
5,[0.6038967499916907],['target'],0.6038967499916907,0.60389675,,,,,,,,,,,
5,[1.2522786670015194],['target'],1.2522786670015194,1.252278667,,,,,,,,,,,
5,[0.7599096669873688],['target'],0.7599096669873688,0.759909667,,,,,,,,,,,
5,[1.170317290991079],['target'],1.170317290991079,1.170317291,,,,,,,,,,,
5,[1.035337332985364],['target'],1.035337332985364,1.035337333,,,,,,,,,,,
5,[0.8374279580020811],['target'],0.8374279580020811,0.837427958,,,,,,,,,,,
5,[1.0363263330073096],['target'],1.0363263330073096,1.036326333,,,,,,,,,,,
5,[1.3855340000009164],['target'],1.3855340000009164,1.385534,,,,,,,,,,,
5,[1.3534062080143485],['target'],1.3534062080143485,1.353406208,,,,,,,,,,,
5,[1.4718989999964833],['target'],1.4718989999964833,1.471899,,,,,,,,,,,
5,[1.5205646659887861],['target'],1.5205646659887861,1.520564666,,,,,,,,,,,
5,[1.7264870839717332],['target'],1.7264870839717332,1.726487084,,,,,,,,,,,
5,[1.1039779589918908],['target'],1.1039779589918908,1.103977959,,,,,,,,,,,
5,[1.1040363329811953],['target'],1.1040363329811953,1.104036333,,,,,,,,,,,
5,[1.2377897919795942],['target'],1.2377897919795942,1.237789792,,,,,,,,,,,
5,[1.0042826249846257],['target'],1.0042826249846257,1.004282625,,,,,,,,,,,
5,[1.0878568750049453],['target'],1.0878568750049453,1.087856875,,,,,,,,,,,
5,[1.354445166012738],['target'],1.354445166012738,1.354445166,,,,,,,,,,,
5,[1.268520375015214],['target'],1.268520375015214,1.268520375,,,,,,,,,,,
5,[1.4214003329980187],['target'],1.4214003329980187,1.421400333,,,,,,,,,,,
5,[1.6702077919908334],['target'],1.6702077919908334,1.670207792,,,,,,,,,,,
5,[1.104354000010062],['target'],1.104354000010062,1.104354,,,,,,,,,,,
5,[1.3516722079948522],['target'],1.3516722079948522,1.351672208,,,,,,,,,,,
5,[1.2684132079884876],['target'],1.2684132079884876,1.268413208,,,,,,,,,,,
5,[1.1211140419763979],['target'],1.1211140419763979,1.121114042,,,,,,,,,,,
5,[1.4017955410236027],['target'],1.4017955410236027,1.401795541,,,,,,,,,,,
5,[0.9352789999975357],['target'],0.9352789999975357,0.935279,,,,,,,,,,,
5,[1.7853013330022804],['target'],1.7853013330022804,1.785301333,,,,,,,,,,,
5,[2.3207780419907067],['target'],2.3207780419907067,2.320778042,,,,,,,,,,,
5,[1.2087505839881487],['target'],1.2087505839881487,1.208750584,,,,,,,,,,,
5,[1.3357152919925284],['target'],1.3357152919925284,1.335715292,,,,,,,,,,,
5,[1.9711937079846393],['target'],1.9711937079846393,1.971193708,,,,,,,,,,,
5,[2.502339166996535],['target'],2.502339166996535,2.502339167,,,,,,,,,,,
5,[1.1020437919942196],['target'],1.1020437919942196,1.102043792,,,,,,,,,,,
5,[1.092899875016883],['target'],1.092899875016883,1.092899875,,,,,,,,,,,
5,[0.8856303329812363],['target'],0.8856303329812363,0.885630333,,,,,,,,,,,
5,[1.2702595409937203],['target'],1.2702595409937203,1.270259541,,,,,,,,,,,
5,[1.3189229580166284],['target'],1.3189229580166284,1.318922958,,,,,,,,,,,
5,[0.945863917004317],['target'],0.945863917004317,0.945863917,,,,,,,,,,,
5,[0.9690683750086464],['target'],0.9690683750086464,0.969068375,,,,,,,,,,,
5,[1.3422777919913642],['target'],1.3422777919913642,1.342277792,,,,,,,,,,,
5,[1.125767541991081],['target'],1.125767541991081,1.125767542,,,,,,,,,,,
5,[1.0769711670000106],['target'],1.0769711670000106,1.076971167,,,,,,,,,,,
5,[1.0684950000140816],['target'],1.0684950000140816,1.068495,,,,,,,,,,,
5,[0.887706999987131],['target'],0.887706999987131,0.887707,,,,,,,,,,,
5,[1.0205920420121402],['target'],1.0205920420121402,1.020592042,,,,,,,,,,,
5,[1.0525569159945007],['target'],1.0525569159945007,1.052556916,,,,,,,,,,,
5,[1.1921817080001347],['target'],1.1921817080001347,1.192181708,,,,,,,,,,,
5,[0.9962529999902472],['target'],0.9962529999902472,0.996253,,,,,,,,,,,
5,[0.9376594579953235],['target'],0.9376594579953235,0.937659458,,,,,,,,,,,
5,[1.409624291001819],['target'],1.409624291001819,1.409624291,,,,,,,,,,,
5,[1.4705483749858104],['target'],1.4705483749858104,1.470548375,,,,,,,,,,,
5,[0.9855725840025116],['target'],0.9855725840025116,0.985572584,,,,,,,,,,,
5,[0.8874447919952217],['target'],0.8874447919952217,0.887444792,,,,,,,,,,,
5,[1.2853143750107847],['target'],1.2853143750107847,1.285314375,,,,,,,,,,,
5,[1.2711732090101577],['target'],1.2711732090101577,1.271173209,,,,,,,,,,,
5,[1.262392299991916],['target'],1.262392299991916,1.2623923,,,,,,,,,,,
5,[4.161493200008408],['target'],4.161493200008408,4.1614932,,,,,,,,,,,
5,[1.224529099999927],['target'],1.224529099999927,1.2245291,,,,,,,,,,,
5,[3.210053800008609],['target'],3.210053800008609,3.2100538,,,,,,,,,,,
5,[1.4899806000030367],['target'],1.4899806000030367,1.4899806,,,,,,,,,,,
5,[1.4602987999969628],['target'],1.4602987999969628,1.4602988,,,,,,,,,,,
5,[2.123556100006681],['target'],2.123556100006681,2.1235561,,,,,,,,,,,
5,[1.4296275999950012],['target'],1.4296275999950012,1.4296276,,,,,,,,,,,
5,[1.2773776999965776],['target'],1.2773776999965776,1.2773777,,,,,,,,,,,
5,[1.8123976999922888],['target'],1.8123976999922888,1.8123977,,,,,,,,,,,
5,[1.5450767000002088],['target'],1.5450767000002088,1.5450767,,,,,,,,,,,
5,[2.59211040000082],['target'],2.59211040000082,2.5921104,,,,,,,,,,,
5,[1.7965217000019038],['target'],1.7965217000019038,1.7965217,,,,,,,,,,,
5,[1.528572900002473],['target'],1.528572900002473,1.5285729,,,,,,,,,,,
5,[1.228449799993541],['target'],1.228449799993541,1.2284498,,,,,,,,,,,
5,[1.3439278000005288],['target'],1.3439278000005288,1.3439278,,,,,,,,,,,
5,[1.6419668000016827],['target'],1.6419668000016827,1.6419668,,,,,,,,,,,
5,[1.1445897000085097],['target'],1.1445897000085097,1.1445897,,,,,,,,,,,
5,[1.479181399990921],['target'],1.479181399990921,1.4791814,,,,,,,,,,,
5,[3.0413436999951955],['target'],3.0413436999951955,3.0413437,,,,,,,,,,,
5,[1.6628917999914847],['target'],1.6628917999914847,1.6628918,,,,,,,,,,,
5,[1.1758928000053857],['target'],1.1758928000053857,1.1758928,,,,,,,,,,,
5,[1.045599500008393],['target'],1.045599500008393,1.0455995,,,,,,,,,,,
5,[1.4406595999898855],['target'],1.4406595999898855,1.4406596,,,,,,,,,,,
5,[0.9622629999939818],['target'],0.9622629999939818,0.962263,,,,,,,,,,,
5,[2.361433300000499],['target'],2.361433300000499,2.3614333,,,,,,,,,,,
5,[1.410614299995359],['target'],1.410614299995359,1.4106143,,,,,,,,,,,
5,[1.9409378999989713],['target'],1.9409378999989713,1.9409379,,,,,,,,,,,
5,[1.3919290000048932],['target'],1.3919290000048932,1.391929,,,,,,,,,,,
5,[2.6455305999988923],['target'],2.6455305999988923,2.6455306,,,,,,,,,,,
5,[1.494932500005234],['target'],1.494932500005234,1.4949325,,,,,,,,,,,
5,[1.6369765999988886],['target'],1.6369765999988886,1.6369766,,,,,,,,,,,
5,[1.2446157000085805],['target'],1.2446157000085805,1.2446157,,,,,,,,,,,
5,[1.9614026000053855],['target'],1.9614026000053855,1.9614026,,,,,,,,,,,
5,[1.1434481000032974],['target'],1.1434481000032974,1.1434481,,,,,,,,,,,
5,[1.6788334000011673],['target'],1.6788334000011673,1.6788334,,,,,,,,,,,
5,[1.2611690999910934],['target'],1.2611690999910934,1.2611691,,,,,,,,,,,
5,[1.2415299999993294],['target'],1.2415299999993294,1.24153,,,,,,,,,,,
5,[1.0289704000024358],['target'],1.0289704000024358,1.0289704,,,,,,,,,,,
5,[1.2622085000039078],['target'],1.2622085000039078,1.2622085,,,,,,,,,,,
5,[1.3942990000068676],['target'],1.3942990000068676,1.394299,,,,,,,,,,,
5,[1.7940776999894297],['target'],1.7940776999894297,1.7940777,,,,,,,,,,,
5,[1.459356300008949],['target'],1.459356300008949,1.4593563,,,,,,,,,,,
5,[1.2385555999935605],['target'],1.2385555999935605,1.2385556,,,,,,,,,,,
5,[1.49054569999862],['target'],1.49054569999862,1.4905457,,,,,,,,,,,
5,[1.6276064999983646],['target'],1.6276064999983646,1.6276065,,,,,,,,,,,
5,[1.5629808999947272],['target'],1.5629808999947272,1.5629809,,,,,,,,,,,
5,[1.372777299999143],['target'],1.372777299999143,1.3727773,,,,,,,,,,,
5,[2.4619880999962334],['target'],2.4619880999962334,2.4619881,,,,,,,,,,,
5,[1.0460581999941496],['target'],1.0460581999941496,1.0460582,,,,,,,,,,,
5,[0.9774203000124544],['target'],0.9774203000124544,0.9774203,,,,,,,,,,,
5,[1.4432698000018718],['target'],1.4432698000018718,1.4432698,,,,,,,,,,,
5,[1.0789776000019629],['target'],1.0789776000019629,1.0789776,,,,,,,,,,,
5,[2.4446105000097305],['target'],2.4446105000097305,2.4446105,,,,,,,,,,,
5,[1.129665100001148],['target'],1.129665100001148,1.1296651,,,,,,,,,,,
5,[1.0612254000006942],['target'],1.0612254000006942,1.0612254,,,,,,,,,,,
5,[1.093077400000766],['target'],1.093077400000766,1.0930774,,,,,,,,,,,
5,[1.475569500005804],['target'],1.475569500005804,1.4755695,,,,,,,,,,,
5,[1.2945779000001494],['target'],1.2945779000001494,1.2945779,,,,,,,,,,,
5,[1.2598765999864554],['target'],1.2598765999864554,1.2598766,,,,,,,,,,,
5,[1.461047699995106],['target'],1.461047699995106,1.4610477,,,,,,,,,,,
5,[1.1267406000115443],['target'],1.1267406000115443,1.1267406,,,,,,,,,,,
5,[2.0779140000086045],['target'],2.0779140000086045,2.077914,,,,,,,,,,,
5,[1.5942469000001438],['target'],1.5942469000001438,1.5942469,,,,,,,,,,,
5,[1.161553300000378],['target'],1.161553300000378,1.1615533,,,,,,,,,,,
5,[1.6582148000015877],['target'],1.6582148000015877,1.6582148,,,,,,,,,,,
5,[2.3290861999994377],['target'],2.3290861999994377,2.3290862,,,,,,,,,,,
5,[1.7943555000092601],['target'],1.7943555000092601,1.7943555,,,,,,,,,,,
5,[1.2783768999943277],['target'],1.2783768999943277,1.2783769,,,,,,,,,,,
5,[1.162155800004257],['target'],1.162155800004257,1.1621558,,,,,,,,,,,
5,[2.4624079000059282],['target'],2.4624079000059282,2.4624079,,,,,,,,,,,
5,[2.7117462000023806],['target'],2.7117462000023806,2.7117462,,,,,,,,,,,
5,[1.8243682000029366],['target'],1.8243682000029366,1.8243682,,,,,,,,,,,
5,[2.0888548999937484],['target'],2.0888548999937484,2.0888549,,,,,,,,,,,
5,[1.2624673999962397],['target'],1.2624673999962397,1.2624674,,,,,,,,,,,
5,[1.060938399998122],['target'],1.060938399998122,1.0609384,,,,,,,,,,,
5,[1.3794281000009505],['target'],1.3794281000009505,1.3794281,,,,,,,,,,,
5,[0.9023305000009714],['target'],0.9023305000009714,0.9023305,,,,,,,,,,,
5,[1.0448690000048373],['target'],1.0448690000048373,1.044869,,,,,,,,,,,
5,[1.3480099000007613],['target'],1.3480099000007613,1.3480099,,,,,,,,,,,
5,[1.5738519000005908],['target'],1.5738519000005908,1.5738519,,,,,,,,,,,
5,[1.2788214000029257],['target'],1.2788214000029257,1.2788214,,,,,,,,,,,
5,[0.9123246999952244],['target'],0.9123246999952244,0.9123247,,,,,,,,,,,
5,[0.9810658999922452],['target'],0.9810658999922452,0.9810659,,,,,,,,,,,
5,[1.546405799992499],['target'],1.546405799992499,1.5464058,,,,,,,,,,,
5,[1.5923379000014393],['target'],1.5923379000014393,1.5923379,,,,,,,,,,,
5,[1.7769272000005003],['target'],1.7769272000005003,1.7769272,,,,,,,,,,,
5,[1.1946908000099938],['target'],1.1946908000099938,1.1946908,,,,,,,,,,,
5,[2.678015899989987],['target'],2.678015899989987,2.6780159,,,,,,,,,,,
5,[1.5594263000093633],['target'],1.5594263000093633,1.5594263,,,,,,,,,,,
5,[1.3904420000035316],['target'],1.3904420000035316,1.390442,,,,,,,,,,,
5,[0.9332475999981398],['target'],0.9332475999981398,0.9332476,,,,,,,,,,,
5,[0.8600265999994008],['target'],0.8600265999994008,0.8600266,,,,,,,,,,,
5,[1.47853129998839],['target'],1.47853129998839,1.4785313,,,,,,,,,,,
5,[1.3628154000034556],['target'],1.3628154000034556,1.3628154,,,,,,,,,,,
5,[0.9745674000005238],['target'],0.9745674000005238,0.9745674,,,,,,,,,,,
5,[2.345309099997394],['target'],2.345309099997394,2.3453091,,,,,,,,,,,
5,[1.6441049999993993],['target'],1.6441049999993993,1.644105,,,,,,,,,,,
5,[1.092227200002526],['target'],1.092227200002526,1.0922272,,,,,,,,,,,
5,[1.6124227000109386],['target'],1.6124227000109386,1.6124227,,,,,,,,,,,
5,[1.240196400001878],['target'],1.240196400001878,1.2401964,,,,,,,,,,,
5,[1.6442221999895992],['target'],1.6442221999895992,1.6442222,,,,,,,,,,,
5,[1.3716328000009526],['target'],1.3716328000009526,1.3716328,,,,,,,,,,,
5,[1.6302962000045227],['target'],1.6302962000045227,1.6302962,,,,,,,,,,,
5,[1.9115874000126496],['target'],1.9115874000126496,1.9115874,,,,,,,,,,,
5,[1.4758348000032129],['target'],1.4758348000032129,1.4758348,,,,,,,,,,,
5,[2.279870200000005],['target'],2.279870200000005,2.2798702,,,,,,,,,,,
5,[1.2291499999992084],['target'],1.2291499999992084,1.22915,,,,,,,,,,,
5,[1.6221797420002986],['Target'],1.6221797420002986,1.622179742,,,,,,,,,,,
5,[1.2610141099939938],['Target'],1.2610141099939938,1.26101411,,,,,,,,,,,
5,[1.2221371149935294],['Target'],1.2221371149935294,1.222137115,,,,,,,,,,,
5,[1.9838700729960692],['Target'],1.9838700729960692,1.983870073,,,,,,,,,,,
5,[1.265160012000706],['Target'],1.265160012000706,1.265160012,,,,,,,,,,,
5,[1.1041972210005042],['Target'],1.1041972210005042,1.104197221,,,,,,,,,,,
5,[0.9006285209979978],['Target'],0.9006285209979978,0.900628521,,,,,,,,,,,
5,[1.416802847001236],['Target'],1.416802847001236,1.416802847,,,,,,,,,,,
5,[1.362403801002074],['Target'],1.362403801002074,1.362403801,,,,,,,,,,,
5,[1.4196273930065217],['Target'],1.4196273930065217,1.419627393,,,,,,,,,,,
5,[1.307248689001426],['Target'],1.307248689001426,1.307248689,,,,,,,,,,,
5,[1.0182468370039715],['Target'],1.0182468370039715,1.018246837,,,,,,,,,,,
5,[2.061029772994516],['Target'],2.061029772994516,2.061029773,,,,,,,,,,,
5,[2.1318711650019395],['Target'],2.1318711650019395,2.131871165,,,,,,,,,,,
5,[1.5251409210031852],['Target'],1.5251409210031852,1.525140921,,,,,,,,,,,
5,[0.8951295189981465],['Target'],0.8951295189981465,0.895129519,,,,,,,,,,,
5,[1.3315308669989463],['Target'],1.3315308669989463,1.331530867,,,,,,,,,,,
5,[2.114663410000503],['Target'],2.114663410000503,2.11466341,,,,,,,,,,,
5,[1.0921653139957925],['Target'],1.0921653139957925,1.092165314,,,,,,,,,,,
5,[1.4903554280026583],['Target'],1.4903554280026583,1.490355428,,,,,,,,,,,
5,[1.3954971479979577],['Target'],1.3954971479979577,1.395497148,,,,,,,,,,,
5,[1.497900631999073],['Target'],1.497900631999073,1.497900632,,,,,,,,,,,
5,[0.7764841379976133],['Target'],0.7764841379976133,0.776484138,,,,,,,,,,,
5,[2.0725818920036545],['Target'],2.0725818920036545,2.072581892,,,,,,,,,,,
5,[0.9540125769999577],['Target'],0.9540125769999577,0.954012577,,,,,,,,,,,
5,[1.5228738290024921],['Target'],1.5228738290024921,1.522873829,,,,,,,,,,,
5,[1.3004105369982426],['Target'],1.3004105369982426,1.300410537,,,,,,,,,,,
5,[1.0755974119965686],['Target'],1.0755974119965686,1.075597412,,,,,,,,,,,
5,[1.5976059010063182],['Target'],1.5976059010063182,1.597605901,,,,,,,,,,,
5,[1.516675746999681],['Target'],1.516675746999681,1.516675747,,,,,,,,,,,
5,[1.0330468879983528],['Target'],1.0330468879983528,1.033046888,,,,,,,,,,,
5,[1.447394142000121],['Target'],1.447394142000121,1.447394142,,,,,,,,,,,
5,[0.9906194269933621],['Target'],0.9906194269933621,0.990619427,,,,,,,,,,,
5,[1.0289168009985588],['Target'],1.0289168009985588,1.028916801,,,,,,,,,,,
5,[1.3195881359933992],['Target'],1.3195881359933992,1.319588136,,,,,,,,,,,
5,[1.0742853809933877],['Target'],1.0742853809933877,1.074285381,,,,,,,,,,,
5,[1.2252927790032118],['Target'],1.2252927790032118,1.225292779,,,,,,,,,,,
5,[1.2544328389994917],['Target'],1.2544328389994917,1.254432839,,,,,,,,,,,
5,[1.2526381330026197],['Target'],1.2526381330026197,1.252638133,,,,,,,,,,,
5,[1.5370860210023238],['Target'],1.5370860210023238,1.537086021,,,,,,,,,,,
5,[1.6452709959994536],['Target'],1.6452709959994536,1.645270996,,,,,,,,,,,
5,[2.4783988920025877],['Target'],2.4783988920025877,2.478398892,,,,,,,,,,,
5,[1.6410721969950828],['Target'],1.6410721969950828,1.641072197,,,,,,,,,,,
5,[1.1002017649952904],['Target'],1.1002017649952904,1.100201765,,,,,,,,,,,
5,[1.0621405159981805],['Target'],1.0621405159981805,1.062140516,,,,,,,,,,,
5,[0.9019284950045403],['Target'],0.9019284950045403,0.901928495,,,,,,,,,,,
5,[1.776986481003405],['Target'],1.776986481003405,1.776986481,,,,,,,,,,,
5,[1.2479919800025527],['Target'],1.2479919800025527,1.24799198,,,,,,,,,,,
5,[1.4765805049974006],['Target'],1.4765805049974006,1.476580505,,,,,,,,,,,
5,[1.0638928580010543],['Target'],1.0638928580010543,1.063892858,,,,,,,,,,,
5,[1.7206945090001682],['Target'],1.7206945090001682,1.720694509,,,,,,,,,,,
5,[1.395327214995632],['Target'],1.395327214995632,1.395327215,,,,,,,,,,,
5,[0.8679714929967304],['Target'],0.8679714929967304,0.867971493,,,,,,,,,,,
5,[0.9711139749997528],['Target'],0.9711139749997528,0.971113975,,,,,,,,,,,
5,[1.4122790539986454],['Target'],1.4122790539986454,1.412279054,,,,,,,,,,,
5,[1.7102579640049953],['Target'],1.7102579640049953,1.710257964,,,,,,,,,,,
5,[1.0434954349984764],['Target'],1.0434954349984764,1.043495435,,,,,,,,,,,
5,[1.4824841679946985],['Target'],1.4824841679946985,1.482484168,,,,,,,,,,,
5,[0.968164327001432],['Target'],0.968164327001432,0.968164327,,,,,,,,,,,
5,[1.6252583960012998],['Target'],1.6252583960012998,1.625258396,,,,,,,,,,,
5,[1.8030352920031874],['Target'],1.8030352920031874,1.803035292,,,,,,,,,,,
5,[1.2459207989959395],['Target'],1.2459207989959395,1.245920799,,,,,,,,,,,
5,[1.6552872709944495],['Target'],1.6552872709944495,1.655287271,,,,,,,,,,,
5,[1.0424286010020296],['Target'],1.0424286010020296,1.042428601,,,,,,,,,,,
5,[2.444725719993585],['Target'],2.444725719993585,2.44472572,,,,,,,,,,,
5,[1.7591338269994594],['Target'],1.7591338269994594,1.759133827,,,,,,,,,,,
5,[1.0526784360044985],['Target'],1.0526784360044985,1.052678436,,,,,,,,,,,
5,[1.3535477030018228],['Target'],1.3535477030018228,1.353547703,,,,,,,,,,,
5,[2.2792937449994497],['Target'],2.2792937449994497,2.279293745,,,,,,,,,,,
5,[1.6799771380028687],['Target'],1.6799771380028687,1.679977138,,,,,,,,,,,
5,[0.8260477629955858],['Target'],0.8260477629955858,0.826047763,,,,,,,,,,,
5,[2.8944838720053667],['Target'],2.8944838720053667,2.894483872,,,,,,,,,,,
5,[1.1094002220052062],['Target'],1.1094002220052062,1.109400222,,,,,,,,,,,
5,[1.038747777005483],['Target'],1.038747777005483,1.038747777,,,,,,,,,,,
5,[1.9686697389988694],['Target'],1.9686697389988694,1.968669739,,,,,,,,,,,
5,[1.1806877599956351],['Target'],1.1806877599956351,1.18068776,,,,,,,,,,,
5,[1.23814939300064],['Target'],1.23814939300064,1.238149393,,,,,,,,,,,
5,[2.216256378000253],['Target'],2.216256378000253,2.216256378,,,,,,,,,,,
5,[9.7560909810054],['Target'],9.7560909810054,9.756090981,,,,,,,,,,,
5,[1.7859624400007306],['Target'],1.7859624400007306,1.78596244,,,,,,,,,,,
5,[1.729483485003584],['Target'],1.729483485003584,1.729483485,,,,,,,,,,,
5,[1.8210526539987768],['Target'],1.8210526539987768,1.821052654,,,,,,,,,,,
5,[1.6132052729954012],['Target'],1.6132052729954012,1.613205273,,,,,,,,,,,
5,[1.6406421679930645],['Target'],1.6406421679930645,1.640642168,,,,,,,,,,,
5,[1.2637453400020604],['Target'],1.2637453400020604,1.26374534,,,,,,,,,,,
5,[3.9082540119998157],['Target'],3.9082540119998157,3.908254012,,,,,,,,,,,
5,[1.1648063769971486],['Target'],1.1648063769971486,1.164806377,,,,,,,,,,,
5,[1.3567380999993475],['target'],1.3567380999993475,1.3567381,,,,,,,,,,,
5,[1.2033783999995649],['target'],1.2033783999995649,1.2033784,,,,,,,,,,,
5,[1.384125700000368],['target'],1.384125700000368,1.3841257,,,,,,,,,,,
5,[2.171824800001559],['target'],2.171824800001559,2.1718248,,,,,,,,,,,
5,[1.3728066999992734],['target'],1.3728066999992734,1.3728067,,,,,,,,,,,
5,[1.253719700000147],['target'],1.253719700000147,1.2537197,,,,,,,,,,,
5,[1.5005323000004864],['target'],1.5005323000004864,1.5005323,,,,,,,,,,,
5,[1.5657131999996636],['target'],1.5657131999996636,1.5657132,,,,,,,,,,,
5,[1.4556025000001682],['target'],1.4556025000001682,1.4556025,,,,,,,,,,,
5,[1.3716010999996797],['target'],1.3716010999996797,1.3716011,,,,,,,,,,,
5,[1.8520467999987886],['target'],1.8520467999987886,1.8520468,,,,,,,,,,,
5,[1.7234475999994174],['target'],1.7234475999994174,1.7234476,,,,,,,,,,,
5,[1.286270799999329],['target'],1.286270799999329,1.2862708,,,,,,,,,,,
5,[1.755199100000027],['target'],1.755199100000027,1.7551991,,,,,,,,,,,
5,[1.4056624000004376],['target'],1.4056624000004376,1.4056624,,,,,,,,,,,
5,[1.4731147000002238],['target'],1.4731147000002238,1.4731147,,,,,,,,,,,
5,[1.3678826000013942],['target'],1.3678826000013942,1.3678826,,,,,,,,,,,
5,[1.7555720999989717],['target'],1.7555720999989717,1.7555721,,,,,,,,,,,
5,[1.304393099999288],['target'],1.304393099999288,1.3043931,,,,,,,,,,,
5,[1.3561065000012604],['target'],1.3561065000012604,1.3561065,,,,,,,,,,,
5,[1.3201415999992605],['target'],1.3201415999992605,1.3201416,,,,,,,,,,,
5,[2.0057554000013624],['target'],2.0057554000013624,2.0057554,,,,,,,,,,,
5,[2.004574099999445],['target'],2.004574099999445,2.0045741,,,,,,,,,,,
5,[1.501036000001477],['target'],1.501036000001477,1.501036,,,,,,,,,,,
5,[1.604888400001073],['target'],1.604888400001073,1.6048884,,,,,,,,,,,
5,[1.7035852999997587],['target'],1.7035852999997587,1.7035853,,,,,,,,,,,
5,[1.5714619999998831],['target'],1.5714619999998831,1.571462,,,,,,,,,,,
5,[1.4162233000006381],['target'],1.4162233000006381,1.4162233,,,,,,,,,,,
5,[1.148423399999956],['target'],1.148423399999956,1.1484234,,,,,,,,,,,
5,[1.455880999999863],['target'],1.455880999999863,1.455881,,,,,,,,,,,
5,[2.3211959000000206],['target'],2.3211959000000206,2.3211959,,,,,,,,,,,
5,[1.6354111000000557],['target'],1.6354111000000557,1.6354111,,,,,,,,,,,
5,[1.3031595000011293],['target'],1.3031595000011293,1.3031595,,,,,,,,,,,
5,[1.0725511999989976],['target'],1.0725511999989976,1.0725512,,,,,,,,,,,
5,[1.5991813000000548],['target'],1.5991813000000548,1.5991813,,,,,,,,,,,
5,[1.2847259000009217],['target'],1.2847259000009217,1.2847259,,,,,,,,,,,
5,[1.2000381000016205],['target'],1.2000381000016205,1.2000381,,,,,,,,,,,
5,[1.8363384999993286],['target'],1.8363384999993286,1.8363385,,,,,,,,,,,
5,[1.6542128000000957],['target'],1.6542128000000957,1.6542128,,,,,,,,,,,
5,[0.9224610999990546],['target'],0.9224610999990546,0.9224611,,,,,,,,,,,
5,[1.4185161999994307],['target'],1.4185161999994307,1.4185162,,,,,,,,,,,
5,[1.504282300000341],['target'],1.504282300000341,1.5042823,,,,,,,,,,,
5,[0.9718050999999832],['target'],0.9718050999999832,0.9718051,,,,,,,,,,,
5,[1.520249100000001],['target'],1.520249100000001,1.5202491,,,,,,,,,,,
5,[1.120224499998585],['target'],1.120224499998585,1.1202245,,,,,,,,,,,
5,[1.788007800001651],['target'],1.788007800001651,1.7880078,,,,,,,,,,,
5,[1.718074099999285],['target'],1.718074099999285,1.7180741,,,,,,,,,,,
5,[1.3715353999996296],['target'],1.3715353999996296,1.3715354,,,,,,,,,,,
5,[1.0015985000009096],['target'],1.0015985000009096,1.0015985,,,,,,,,,,,
5,[1.73418700000002],['target'],1.73418700000002,1.734187,,,,,,,,,,,
5,[1.220516100000168],['target'],1.220516100000168,1.2205161,,,,,,,,,,,
5,[1.2874286999995093],['target'],1.2874286999995093,1.2874287,,,,,,,,,,,
5,[1.3367111000006844],['target'],1.3367111000006844,1.3367111,,,,,,,,,,,
5,[1.8882212000007712],['target'],1.8882212000007712,1.8882212,,,,,,,,,,,
5,[1.6894819000008283],['target'],1.6894819000008283,1.6894819,,,,,,,,,,,
5,[1.6049543999997695],['target'],1.6049543999997695,1.6049544,,,,,,,,,,,
5,[1.1037458999999217],['target'],1.1037458999999217,1.1037459,,,,,,,,,,,
5,[1.4879080999999132],['target'],1.4879080999999132,1.4879081,,,,,,,,,,,
5,[1.1995451999991928],['target'],1.1995451999991928,1.1995452,,,,,,,,,,,
5,[1.4829453999991529],['target'],1.4829453999991529,1.4829454,,,,,,,,,,,
5,[1.104670000000624],['target'],1.104670000000624,1.10467,,,,,,,,,,,
5,[1.3881837999997515],['target'],1.3881837999997515,1.3881838,,,,,,,,,,,
5,[1.4875033999996958],['target'],1.4875033999996958,1.4875034,,,,,,,,,,,
5,[1.2891722999993362],['target'],1.2891722999993362,1.2891723,,,,,,,,,,,
5,[1.436388199999783],['target'],1.436388199999783,1.4363882,,,,,,,,,,,
5,[1.7393410999993648],['target'],1.7393410999993648,1.7393411,,,,,,,,,,,
5,[1.7893133999987185],['target'],1.7893133999987185,1.7893134,,,,,,,,,,,
5,[1.0870438999991165],['target'],1.0870438999991165,1.0870439,,,,,,,,,,,
5,[1.3724302999999054],['target'],1.3724302999999054,1.3724303,,,,,,,,,,,
5,[2.1550521999997727],['target'],2.1550521999997727,2.1550522,,,,,,,,,,,
5,[1.3516700999989553],['target'],1.3516700999989553,1.3516701,,,,,,,,,,,
5,[2.1542640999996365],['target'],2.1542640999996365,2.1542641,,,,,,,,,,,
5,[1.722214299999905],['target'],1.722214299999905,1.7222143,,,,,,,,,,,
5,[1.5213621000002604],['target'],1.5213621000002604,1.5213621,,,,,,,,,,,
5,[1.2210594999996829],['target'],1.2210594999996829,1.2210595,,,,,,,,,,,
5,[1.50323600000047],['target'],1.50323600000047,1.503236,,,,,,,,,,,
5,[1.401307899999665],['target'],1.401307899999665,1.4013079,,,,,,,,,,,
5,[1.5219608999996126],['target'],1.5219608999996126,1.5219609,,,,,,,,,,,
5,[1.2736449000003631],['target'],1.2736449000003631,1.2736449,,,,,,,,,,,
5,[1.2871009999998932],['target'],1.2871009999998932,1.287101,,,,,,,,,,,
5,[1.469958099998621],['target'],1.469958099998621,1.4699581,,,,,,,,,,,
5,[1.28052629999911],['target'],1.28052629999911,1.2805263,,,,,,,,,,,
5,[1.8173308999994333],['target'],1.8173308999994333,1.8173309,,,,,,,,,,,
5,[1.405580299999201],['target'],1.405580299999201,1.4055803,,,,,,,,,,,
5,[1.5056724999994913],['target'],1.5056724999994913,1.5056725,,,,,,,,,,,
5,[1.281500799999776],['target'],1.281500799999776,1.2815008,,,,,,,,,,,
5,[1.803803999999218],['target'],1.803803999999218,1.803804,,,,,,,,,,,
5,[1.5793063000000984],['target'],1.5793063000000984,1.5793063,,,,,,,,,,,
5,[1.4045924999991257],['target'],1.4045924999991257,1.4045925,,,,,,,,,,,
5,[1.2393513999995776],['target'],1.2393513999995776,1.2393514,,,,,,,,,,,
5,[1.3523150000000896],['target'],1.3523150000000896,1.352315,,,,,,,,,,,
5,[1.1370083999991039],['target'],1.1370083999991039,1.1370084,,,,,,,,,,,
5,[1.8827328999996098],['target'],1.8827328999996098,1.8827329,,,,,,,,,,,
5,[1.7678088000011485],['target'],1.7678088000011485,1.7678088,,,,,,,,,,,
5,[1.373238099999071],['target'],1.373238099999071,1.3732381,,,,,,,,,,,
5,[1.6212137000002258],['target'],1.6212137000002258,1.6212137,,,,,,,,,,,
5,[1.153428300000087],['target'],1.153428300000087,1.1534283,,,,,,,,,,,
5,[1.3988845000003494],['target'],1.3988845000003494,1.3988845,,,,,,,,,,,
5,[1.087749399999666],['target'],1.087749399999666,1.0877494,,,,,,,,,,,
5,[1.6385016000003816],['target'],1.6385016000003816,1.6385016,,,,,,,,,,,
5,[1.6875448999999207],['target'],1.6875448999999207,1.6875449,,,,,,,,,,,
5,[1.282757599999968],['target'],1.282757599999968,1.2827576,,,,,,,,,,,
5,[1.7891429000010248],['target'],1.7891429000010248,1.7891429,,,,,,,,,,,
5,[1.9044517999991513],['target'],1.9044517999991513,1.9044518,,,,,,,,,,,
5,[1.8282535999987886],['target'],1.8282535999987886,1.8282536,,,,,,,,,,,
5,[1.6511419000016758],['target'],1.6511419000016758,1.6511419,,,,,,,,,,,
5,[2.1348183000009158],['target'],2.1348183000009158,2.1348183,,,,,,,,,,,
5,[1.6052132999993773],['target'],1.6052132999993773,1.6052133,,,,,,,,,,,
5,[1.2884171000005153],['target'],1.2884171000005153,1.2884171,,,,,,,,,,,
5,[1.3533700999996654],['target'],1.3533700999996654,1.3533701,,,,,,,,,,,
5,[1.5837910000009288],['target'],1.5837910000009288,1.583791,,,,,,,,,,,
5,[1.6373470999988058],['target'],1.6373470999988058,1.6373471,,,,,,,,,,,
5,[1.9861146999992343],['target'],1.9861146999992343,1.9861147,,,,,,,,,,,
5,[1.8886929000000237],['target'],1.8886929000000237,1.8886929,,,,,,,,,,,
5,[1.3549225999995542],['target'],1.3549225999995542,1.3549226,,,,,,,,,,,
5,[1.7723862000002555],['target'],1.7723862000002555,1.7723862,,,,,,,,,,,
5,[1.6210854000000836],['target'],1.6210854000000836,1.6210854,,,,,,,,,,,
5,[1.4486909999995987],['target'],1.4486909999995987,1.448691,,,,,,,,,,,
5,[2.0205086000005394],['target'],2.0205086000005394,2.0205086,,,,,,,,,,,
5,[2.131005900000673],['target'],2.131005900000673,2.1310059,,,,,,,,,,,
5,[2.2831118000012793],['target'],2.2831118000012793,2.2831118,,,,,,,,,,,
5,[1.5542096999997739],['target'],1.5542096999997739,1.5542097,,,,,,,,,,,
5,[1.664999099999477],['target'],1.664999099999477,1.6649991,,,,,,,,,,,
5,[1.9046976000008726],['target'],1.9046976000008726,1.9046976,,,,,,,,,,,
5,[1.9525972999999794],['target'],1.9525972999999794,1.9525973,,,,,,,,,,,
5,[1.8214367000000493],['target'],1.8214367000000493,1.8214367,,,,,,,,,,,
5,[1.5337933999999223],['target'],1.5337933999999223,1.5337934,,,,,,,,,,,
5,[1.7663721999997506],['target'],1.7663721999997506,1.7663722,,,,,,,,,,,
5,[1.035809999999401],['target'],1.035809999999401,1.03581,,,,,,,,,,,
5,[1.4208460000008927],['target'],1.4208460000008927,1.420846,,,,,,,,,,,
5,[1.4703322000004846],['target'],1.4703322000004846,1.4703322,,,,,,,,,,,
5,[1.2213508000004367],['target'],1.2213508000004367,1.2213508,,,,,,,,,,,
5,[1.4282557000005909],['target'],1.4282557000005909,1.4282557,,,,,,,,,,,
5,[1.2982263000012608],['target'],1.2982263000012608,1.2982263,,,,,,,,,,,
5,[1.0204936000009184],['target'],1.0204936000009184,1.0204936,,,,,,,,,,,
5,[1.5392090000004828],['target'],1.5392090000004828,1.539209,,,,,,,,,,,
5,[1.720597599998655],['target'],1.720597599998655,1.7205976,,,,,,,,,,,
5,[1.100914399999965],['target'],1.100914399999965,1.1009144,,,,,,,,,,,
5,[1.3539054000011674],['target'],1.3539054000011674,1.3539054,,,,,,,,,,,
5,[1.4219076999997924],['target'],1.4219076999997924,1.4219077,,,,,,,,,,,
5,[2.271155099999305],['target'],2.271155099999305,2.2711551,,,,,,,,,,,
5,[1.5168995000003633],['target'],1.5168995000003633,1.5168995,,,,,,,,,,,
5,[1.5863547000008111],['target'],1.5863547000008111,1.5863547,,,,,,,,,,,
5,[1.5545208000003186],['target'],1.5545208000003186,1.5545208,,,,,,,,,,,
5,[1.7207584000007046],['target'],1.7207584000007046,1.7207584,,,,,,,,,,,
5,[1.6214161000007152],['target'],1.6214161000007152,1.6214161,,,,,,,,,,,
5,[1.5660723000000871],['target'],1.5660723000000871,1.5660723,,,,,,,,,,,
5,[1.8884777999992366],['target'],1.8884777999992366,1.8884778,,,,,,,,,,,
5,[2.189235000001645],['target'],2.189235000001645,2.189235,,,,,,,,,,,
5,[3.1038191999996343],['target'],3.1038191999996343,3.1038192,,,,,,,,,,,
5,[1.470954200000051],['target'],1.470954200000051,1.4709542,,,,,,,,,,,
5,[1.7882611000004545],['target'],1.7882611000004545,1.7882611,,,,,,,,,,,
5,[1.3882783000008203],['target'],1.3882783000008203,1.3882783,,,,,,,,,,,
5,[1.3545928000003187],['target'],1.3545928000003187,1.3545928,,,,,,,,,,,
5,[1.6374520999997912],['target'],1.6374520999997912,1.6374521,,,,,,,,,,,
5,[1.4689809000010428],['target'],1.4689809000010428,1.4689809,,,,,,,,,,,
5,[1.6194990999993024],['target'],1.6194990999993024,1.6194991,,,,,,,,,,,
5,[1.3046642999997857],['target'],1.3046642999997857,1.3046643,,,,,,,,,,,
5,[1.737891100001434],['target'],1.737891100001434,1.7378911,,,,,,,,,,,
5,[1.1380053000011685],['target'],1.1380053000011685,1.1380053,,,,,,,,,,,
5,[1.638460699999996],['target'],1.638460699999996,1.6384607,,,,,,,,,,,
5,[1.5724605999985215],['target'],1.5724605999985215,1.5724606,,,,,,,,,,,
5,[1.387626800000362],['target'],1.387626800000362,1.3876268,,,,,,,,,,,
5,[1.4798616999996739],['target'],1.4798616999996739,1.4798617,,,,,,,,,,,
5,[1.571778199999244],['target'],1.571778199999244,1.5717782,,,,,,,,,,,
5,[1.2201550000008865],['target'],1.2201550000008865,1.220155,,,,,,,,,,,
5,[1.2509501999993518],['target'],1.2509501999993518,1.2509502,,,,,,,,,,,
5,[2.4876103999995394],['target'],2.4876103999995394,2.4876104,,,,,,,,,,,
5,[1.68025630000011],['target'],1.68025630000011,1.6802563,,,,,,,,,,,
5,[1.3367317000011099],['target'],1.3367317000011099,1.3367317,,,,,,,,,,,
5,[1.7380964000003587],['target'],1.7380964000003587,1.7380964,,,,,,,,,,,
5,[1.648322699998971],['target'],1.648322699998971,1.6483227,,,,,,,,,,,
5,[1.788403599999583],['target'],1.788403599999583,1.7884036,,,,,,,,,,,
5,[1.1210854000000836],['target'],1.1210854000000836,1.1210854,,,,,,,,,,,
5,[3.003493799998978],['target'],3.003493799998978,3.0034938,,,,,,,,,,,
5,[1.5219713999995292],['target'],1.5219713999995292,1.5219714,,,,,,,,,,,
5,[2.0874105999992025],['target'],2.0874105999992025,2.0874106,,,,,,,,,,,
5,[1.555107100000896],['target'],1.555107100000896,1.5551071,,,,,,,,,,,
5,[1.4351273000011133],['target'],1.4351273000011133,1.4351273,,,,,,,,,,,
5,[1.5538711999997759],['target'],1.5538711999997759,1.5538712,,,,,,,,,,,
5,[1.7552443000004132],['target'],1.7552443000004132,1.7552443,,,,,,,,,,,
10,[1.9911583329958376],['target'],1.9911583329958376,1.991158333,,,,,,,,,,,
10,[2.040074749995256],['target'],2.040074749995256,2.04007475,,,,,,,,,,,
10,[1.1425914579886012],['target'],1.1425914579886012,1.142591458,,,,,,,,,,,
10,[1.6326182090269867],['target'],1.6326182090269867,1.632618209,,,,,,,,,,,
10,[1.0624702909844927],['target'],1.0624702909844927,1.062470291,,,,,,,,,,,
10,[1.1423769159882795],['target'],1.1423769159882795,1.142376916,,,,,,,,,,,
10,[1.4321236250107177],['target'],1.4321236250107177,1.432123625,,,,,,,,,,,
10,[1.7724100409832317],['target'],1.7724100409832317,1.772410041,,,,,,,,,,,
10,[1.0987111659778748],['target'],1.0987111659778748,1.098711166,,,,,,,,,,,
10,[0.8420879579789471],['target'],0.8420879579789471,0.842087958,,,,,,,,,,,
10,[1.103515625],['target'],1.103515625,1.103515625,,,,,,,,,,,
10,[1.3319239999982528],['target'],1.3319239999982528,1.331924,,,,,,,,,,,
10,[1.6314968339866027],['target'],1.6314968339866027,1.631496834,,,,,,,,,,,
10,[1.3303638749930542],['target'],1.3303638749930542,1.330363875,,,,,,,,,,,
10,[1.6748403749952558],['target'],1.6748403749952558,1.674840375,,,,,,,,,,,
10,[1.5085072920192033],['target'],1.5085072920192033,1.508507292,,,,,,,,,,,
10,[1.1138075409980956],['target'],1.1138075409980956,1.113807541,,,,,,,,,,,
10,[1.1652020830078982],['target'],1.1652020830078982,1.165202083,,,,,,,,,,,
10,[0.9654158749908675],['target'],0.9654158749908675,0.965415875,,,,,,,,,,,
10,[1.8962316249962896],['target'],1.8962316249962896,1.896231625,,,,,,,,,,,
10,[1.1419434580020607],['target'],1.1419434580020607,1.141943458,,,,,,,,,,,
10,[1.2208583340106998],['target'],1.2208583340106998,1.220858334,,,,,,,,,,,
10,[1.046233792003477],['target'],1.046233792003477,1.046233792,,,,,,,,,,,
10,[2.021318290993804],['target'],2.021318290993804,2.021318291,,,,,,,,,,,
10,[1.5837000829924364],['target'],1.5837000829924364,1.583700083,,,,,,,,,,,
10,[1.5419480839918833],['target'],1.5419480839918833,1.541948084,,,,,,,,,,,
10,[1.5419541249866597],['target'],1.5419541249866597,1.541954125,,,,,,,,,,,
10,[2.1032657499890774],['target'],2.1032657499890774,2.10326575,,,,,,,,,,,
10,[1.2420382919954136],['target'],1.2420382919954136,1.242038292,,,,,,,,,,,
10,[1.041959374997532],['target'],1.041959374997532,1.041959375,,,,,,,,,,,
10,[1.265282666980056],['target'],1.265282666980056,1.265282667,,,,,,,,,,,
10,[1.5421286670025438],['target'],1.5421286670025438,1.542128667,,,,,,,,,,,
10,[1.99910883398843],['target'],1.99910883398843,1.999108834,,,,,,,,,,,
10,[2.648670915979892],['target'],2.648670915979892,2.648670916,,,,,,,,,,,
10,[1.0415780000039376],['target'],1.0415780000039376,1.041578,,,,,,,,,,,
10,[1.1653109170147218],['target'],1.1653109170147218,1.165310917,,,,,,,,,,,
10,[1.765145958022913],['target'],1.765145958022913,1.765145958,,,,,,,,,,,
10,[1.7069471669965424],['target'],1.7069471669965424,1.706947167,,,,,,,,,,,
10,[1.403731832979247],['target'],1.403731832979247,1.403731833,,,,,,,,,,,
10,[0.9647785419947468],['target'],0.9647785419947468,0.964778542,,,,,,,,,,,
10,[1.1653920419921633],['target'],1.1653920419921633,1.165392042,,,,,,,,,,,
10,[1.09625358399353],['target'],1.09625358399353,1.096253584,,,,,,,,,,,
10,[1.2298647910065483],['target'],1.2298647910065483,1.229864791,,,,,,,,,,,
10,[1.7063341659959406],['target'],1.7063341659959406,1.706334166,,,,,,,,,,,
10,[1.5652199579926673],['target'],1.5652199579926673,1.565219958,,,,,,,,,,,
10,[1.3895208330068272],['target'],1.3895208330068272,1.389520833,,,,,,,,,,,
10,[1.4804897499852814],['target'],1.4804897499852814,1.48048975,,,,,,,,,,,
10,[1.0703964999993332],['target'],1.0703964999993332,1.0703965,,,,,,,,,,,
10,[1.1652290000056382],['target'],1.1652290000056382,1.165229,,,,,,,,,,,
10,[1.2297992090170737],['target'],1.2297992090170737,1.229799209,,,,,,,,,,,
10,[1.0991286249773111],['target'],1.0991286249773111,1.099128625,,,,,,,,,,,
10,[1.1982053749961779],['target'],1.1982053749961779,1.198205375,,,,,,,,,,,
10,[1.1964030839735642],['target'],1.1964030839735642,1.196403084,,,,,,,,,,,
10,[1.1635301669884939],['target'],1.1635301669884939,1.163530167,,,,,,,,,,,
10,[1.3417213750071824],['target'],1.3417213750071824,1.341721375,,,,,,,,,,,
10,[1.0373063329898287],['target'],1.0373063329898287,1.037306333,,,,,,,,,,,
10,[0.9966335830104072],['target'],0.9966335830104072,0.996633583,,,,,,,,,,,
10,[1.0305128750042059],['target'],1.0305128750042059,1.030512875,,,,,,,,,,,
10,[1.3586849170096684],['target'],1.3586849170096684,1.358684917,,,,,,,,,,,
10,[1.798580792004941],['target'],1.798580792004941,1.798580792,,,,,,,,,,,
10,[1.142164374992717],['target'],1.142164374992717,1.142164375,,,,,,,,,,,
10,[1.4987587920040824],['target'],1.4987587920040824,1.498758792,,,,,,,,,,,
10,[1.115202583023347],['target'],1.115202583023347,1.115202583,,,,,,,,,,,
10,[3.596712958998978],['target'],3.596712958998978,3.596712959,,,,,,,,,,,
10,[1.5984113329905085],['target'],1.5984113329905085,1.598411333,,,,,,,,,,,
10,[0.7656518339936156],['target'],0.7656518339936156,0.765651834,,,,,,,,,,,
10,[0.8392825410119258],['target'],0.8392825410119258,0.839282541,,,,,,,,,,,
10,[1.3371926250110846],['target'],1.3371926250110846,1.337192625,,,,,,,,,,,
10,[1.2065261249954347],['target'],1.2065261249954347,1.206526125,,,,,,,,,,,
10,[1.1320177910092752],['target'],1.1320177910092752,1.132017791,,,,,,,,,,,
10,[1.331920208001975],['target'],1.331920208001975,1.331920208,,,,,,,,,,,
10,[1.5319350830104668],['target'],1.5319350830104668,1.531935083,,,,,,,,,,,
10,[1.3067417919810396],['target'],1.3067417919810396,1.306741792,,,,,,,,,,,
10,[0.8139672919933219],['target'],0.8139672919933219,0.813967292,,,,,,,,,,,
10,[1.1215994590020273],['target'],1.1215994590020273,1.121599459,,,,,,,,,,,
10,[1.2317565419944003],['target'],1.2317565419944003,1.231756542,,,,,,,,,,,
10,[1.2425027079880238],['target'],1.2425027079880238,1.242502708,,,,,,,,,,,
10,[1.3753858749987558],['target'],1.3753858749987558,1.375385875,,,,,,,,,,,
10,[1.0144112079869956],['target'],1.0144112079869956,1.014411208,,,,,,,,,,,
10,[1.0317308749945369],['target'],1.0317308749945369,1.031730875,,,,,,,,,,,
10,[1.0067352910118643],['target'],1.0067352910118643,1.006735291,,,,,,,,,,,
10,[0.9630407499789726],['target'],0.9630407499789726,0.96304075,,,,,,,,,,,
10,[1.1640775829728227],['target'],1.1640775829728227,1.164077583,,,,,,,,,,,
10,[1.405986458004918],['target'],1.405986458004918,1.405986458,,,,,,,,,,,
10,[0.9318206659809221],['target'],0.9318206659809221,0.931820666,,,,,,,,,,,
10,[1.0987154160102364],['target'],1.0987154160102364,1.098715416,,,,,,,,,,,
10,[0.9427464579930529],['target'],0.9427464579930529,0.942746458,,,,,,,,,,,
10,[1.6651276249904186],['target'],1.6651276249904186,1.665127625,,,,,,,,,,,
10,[1.3352618339995388],['target'],1.3352618339995388,1.335261834,,,,,,,,,,,
10,[0.9085989169834647],['target'],0.9085989169834647,0.908598917,,,,,,,,,,,
10,[1.4319951249926817],['target'],1.4319951249926817,1.431995125,,,,,,,,,,,
10,[1.1086804999795277],['target'],1.1086804999795277,1.1086805,,,,,,,,,,,
10,[1.1090618750022259],['target'],1.1090618750022259,1.109061875,,,,,,,,,,,
10,[1.1368925830174703],['target'],1.1368925830174703,1.136892583,,,,,,,,,,,
10,[1.5965544579958078],['target'],1.5965544579958078,1.596554458,,,,,,,,,,,
10,[1.4751560830045491],['target'],1.4751560830045491,1.475156083,,,,,,,,,,,
10,[0.8370555829897057],['target'],0.8370555829897057,0.837055583,,,,,,,,,,,
10,[2.9848508999857586],['target'],2.9848508999857586,2.9848509,,,,,,,,,,,
10,[1.4585925999999745],['target'],1.4585925999999745,1.4585926,,,,,,,,,,,
10,[3.6630697999935364],['target'],3.6630697999935364,3.6630698,,,,,,,,,,,
10,[4.763922999991337],['target'],4.763922999991337,4.763923,,,,,,,,,,,
10,[1.6613797000027262],['target'],1.6613797000027262,1.6613797,,,,,,,,,,,
10,[2.5631795000081183],['target'],2.5631795000081183,2.5631795,,,,,,,,,,,
10,[1.8319715999969048],['target'],1.8319715999969048,1.8319716,,,,,,,,,,,
10,[1.3964010000054259],['target'],1.3964010000054259,1.396401,,,,,,,,,,,
10,[1.8796524000063073],['target'],1.8796524000063073,1.8796524,,,,,,,,,,,
10,[1.335261600004742],['target'],1.335261600004742,1.3352616,,,,,,,,,,,
10,[2.056448499992257],['target'],2.056448499992257,2.0564485,,,,,,,,,,,
10,[3.6966909999900963],['target'],3.6966909999900963,3.696691,,,,,,,,,,,
10,[2.962018899997929],['target'],2.962018899997929,2.9620189,,,,,,,,,,,
10,[2.8449782999960007],['target'],2.8449782999960007,2.8449783,,,,,,,,,,,
10,[3.6628289999935078],['target'],3.6628289999935078,3.662829,,,,,,,,,,,
10,[2.191312900002231],['target'],2.191312900002231,2.1913129,,,,,,,,,,,
10,[1.621876000004704],['target'],1.621876000004704,1.621876,,,,,,,,,,,
10,[1.947414900001604],['target'],1.947414900001604,1.9474149,,,,,,,,,,,
10,[1.494470799996634],['target'],1.494470799996634,1.4944708,,,,,,,,,,,
10,[1.3486439000116661],['target'],1.3486439000116661,1.3486439,,,,,,,,,,,
10,[3.5099356999999145],['target'],3.5099356999999145,3.5099357,,,,,,,,,,,
10,[2.8783116999984486],['target'],2.8783116999984486,2.8783117,,,,,,,,,,,
10,[1.2918156999949133],['target'],1.2918156999949133,1.2918157,,,,,,,,,,,
10,[2.128156900012982],['target'],2.128156900012982,2.1281569,,,,,,,,,,,
10,[1.5602754999999888],['target'],1.5602754999999888,1.5602755,,,,,,,,,,,
10,[1.2551401999953669],['target'],1.2551401999953669,1.2551402,,,,,,,,,,,
10,[1.3363345000107074],['target'],1.3363345000107074,1.3363345,,,,,,,,,,,
10,[3.5130136999941897],['target'],3.5130136999941897,3.5130137,,,,,,,,,,,
10,[1.3782438000052935],['target'],1.3782438000052935,1.3782438,,,,,,,,,,,
10,[1.2532102999975905],['target'],1.2532102999975905,1.2532103,,,,,,,,,,,
10,[1.960723500000313],['target'],1.960723500000313,1.9607235,,,,,,,,,,,
10,[2.8234782999934396],['target'],2.8234782999934396,2.8234783,,,,,,,,,,,
10,[1.7587784999923315],['target'],1.7587784999923315,1.7587785,,,,,,,,,,,
10,[1.2751377999957185],['target'],1.2751377999957185,1.2751378,,,,,,,,,,,
10,[1.106059700003243],['target'],1.106059700003243,1.1060597,,,,,,,,,,,
10,[1.8954914000059944],['target'],1.8954914000059944,1.8954914,,,,,,,,,,,
10,[2.0607683999987785],['target'],2.0607683999987785,2.0607684,,,,,,,,,,,
10,[2.378144100002828],['target'],2.378144100002828,2.3781441,,,,,,,,,,,
10,[1.2138440999988234],['target'],1.2138440999988234,1.2138441,,,,,,,,,,,
10,[0.9601008000026923],['target'],0.9601008000026923,0.9601008,,,,,,,,,,,
10,[1.2146789000107674],['target'],1.2146789000107674,1.2146789,,,,,,,,,,,
10,[1.3573061000060989],['target'],1.3573061000060989,1.3573061,,,,,,,,,,,
10,[1.5262870000005933],['target'],1.5262870000005933,1.526287,,,,,,,,,,,
10,[1.8086011999985203],['target'],1.8086011999985203,1.8086012,,,,,,,,,,,
10,[2.3323586999904364],['target'],2.3323586999904364,2.3323587,,,,,,,,,,,
10,[2.2270127999945544],['target'],2.2270127999945544,2.2270128,,,,,,,,,,,
10,[2.009341900004074],['target'],2.009341900004074,2.0093419,,,,,,,,,,,
10,[1.4904510000051232],['target'],1.4904510000051232,1.490451,,,,,,,,,,,
10,[1.4250745000026654],['target'],1.4250745000026654,1.4250745,,,,,,,,,,,
10,[1.3903651000000536],['target'],1.3903651000000536,1.3903651,,,,,,,,,,,
10,[1.6269567999988794],['target'],1.6269567999988794,1.6269568,,,,,,,,,,,
10,[1.2125168000056874],['target'],1.2125168000056874,1.2125168,,,,,,,,,,,
10,[4.192940199995064],['target'],4.192940199995064,4.1929402,,,,,,,,,,,
10,[2.826530399994226],['target'],2.826530399994226,2.8265304,,,,,,,,,,,
10,[2.4964406999934],['target'],2.4964406999934,2.4964407,,,,,,,,,,,
10,[1.3801724999939324],['target'],1.3801724999939324,1.3801725,,,,,,,,,,,
10,[1.4917122000042582],['target'],1.4917122000042582,1.4917122,,,,,,,,,,,
10,[0.9752756999951089],['target'],0.9752756999951089,0.9752757,,,,,,,,,,,
10,[1.8768200999911642],['target'],1.8768200999911642,1.8768201,,,,,,,,,,,
10,[0.9066601999948034],['target'],0.9066601999948034,0.9066602,,,,,,,,,,,
10,[1.276219100007438],['target'],1.276219100007438,1.2762191,,,,,,,,,,,
10,[2.0431806999986293],['target'],2.0431806999986293,2.0431807,,,,,,,,,,,
10,[1.9594006999977864],['target'],1.9594006999977864,1.9594007,,,,,,,,,,,
10,[1.3772064999939175],['target'],1.3772064999939175,1.3772065,,,,,,,,,,,
10,[1.4469799000071362],['target'],1.4469799000071362,1.4469799,,,,,,,,,,,
10,[1.5753739999927348],['target'],1.5753739999927348,1.575374,,,,,,,,,,,
10,[2.312049999993178],['target'],2.312049999993178,2.31205,,,,,,,,,,,
10,[2.296417700010352],['target'],2.296417700010352,2.2964177,,,,,,,,,,,
10,[2.8479512000049],['target'],2.8479512000049,2.8479512,,,,,,,,,,,
10,[2.3951277999876766],['target'],2.3951277999876766,2.3951278,,,,,,,,,,,
10,[3.2097618999978295],['target'],3.2097618999978295,3.2097619,,,,,,,,,,,
10,[2.9205595000094036],['target'],2.9205595000094036,2.9205595,,,,,,,,,,,
10,[2.195814099992276],['target'],2.195814099992276,2.1958141,,,,,,,,,,,
10,[2.591510300000664],['target'],2.591510300000664,2.5915103,,,,,,,,,,,
10,[1.5722179000003962],['target'],1.5722179000003962,1.5722179,,,,,,,,,,,
10,[0.9775920999964001],['target'],0.9775920999964001,0.9775921,,,,,,,,,,,
10,[2.892827200004831],['target'],2.892827200004831,2.8928272,,,,,,,,,,,
10,[1.0630685999931302],['target'],1.0630685999931302,1.0630686,,,,,,,,,,,
10,[1.2749927999975625],['target'],1.2749927999975625,1.2749928,,,,,,,,,,,
10,[1.9114487999904668],['target'],1.9114487999904668,1.9114488,,,,,,,,,,,
10,[5.694597399997292],['target'],5.694597399997292,5.6945974,,,,,,,,,,,
10,[2.8101263999997173],['target'],2.8101263999997173,2.8101264,,,,,,,,,,,
10,[1.1104461999930209],['target'],1.1104461999930209,1.1104462,,,,,,,,,,,
10,[1.4764655000035418],['target'],1.4764655000035418,1.4764655,,,,,,,,,,,
10,[2.459984400004032],['target'],2.459984400004032,2.4599844,,,,,,,,,,,
10,[0.989352400007192],['target'],0.989352400007192,0.9893524,,,,,,,,,,,
10,[1.8452567999920575],['target'],1.8452567999920575,1.8452568,,,,,,,,,,,
10,[1.6970564000075683],['target'],1.6970564000075683,1.6970564,,,,,,,,,,,
10,[1.7282631999987643],['target'],1.7282631999987643,1.7282632,,,,,,,,,,,
10,[1.7826192999928026],['target'],1.7826192999928026,1.7826193,,,,,,,,,,,
10,[1.6406824000005145],['target'],1.6406824000005145,1.6406824,,,,,,,,,,,
10,[2.193393699999433],['target'],2.193393699999433,2.1933937,,,,,,,,,,,
10,[2.345257077999122],['Target'],2.345257077999122,2.345257078,,,,,,,,,,,
10,[1.501136425002187],['Target'],1.501136425002187,1.501136425,,,,,,,,,,,
10,[1.8281108559967834],['Target'],1.8281108559967834,1.828110856,,,,,,,,,,,
10,[1.1457168889974128],['Target'],1.1457168889974128,1.145716889,,,,,,,,,,,
10,[1.6552977440005634],['Target'],1.6552977440005634,1.655297744,,,,,,,,,,,
10,[1.1512342620044365],['Target'],1.1512342620044365,1.151234262,,,,,,,,,,,
10,[1.9677477549994364],['Target'],1.9677477549994364,1.967747755,,,,,,,,,,,
10,[0.9314178549975622],['Target'],0.9314178549975622,0.931417855,,,,,,,,,,,
10,[1.0884214649995556],['Target'],1.0884214649995556,1.088421465,,,,,,,,,,,
10,[1.0153464599934523],['Target'],1.0153464599934523,1.01534646,,,,,,,,,,,
10,[1.0629932519950671],['Target'],1.0629932519950671,1.062993252,,,,,,,,,,,
10,[1.2631054890007363],['Target'],1.2631054890007363,1.263105489,,,,,,,,,,,
10,[1.6565156340002432],['Target'],1.6565156340002432,1.656515634,,,,,,,,,,,
10,[1.1913524769988726],['Target'],1.1913524769988726,1.191352477,,,,,,,,,,,
10,[0.8915075129989418],['Target'],0.8915075129989418,0.891507513,,,,,,,,,,,
10,[1.3446718260020134],['Target'],1.3446718260020134,1.344671826,,,,,,,,,,,
10,[1.4527591860023676],['Target'],1.4527591860023676,1.452759186,,,,,,,,,,,
10,[1.015604821004672],['Target'],1.015604821004672,1.015604821,,,,,,,,,,,
10,[1.1274299409997184],['Target'],1.1274299409997184,1.127429941,,,,,,,,,,,
10,[1.35110828300094],['Target'],1.35110828300094,1.351108283,,,,,,,,,,,
10,[1.183548769004119],['Target'],1.183548769004119,1.183548769,,,,,,,,,,,
10,[1.184692383001675],['Target'],1.184692383001675,1.184692383,,,,,,,,,,,
10,[1.3571867589998874],['Target'],1.3571867589998874,1.357186759,,,,,,,,,,,
10,[1.4581577349963482],['Target'],1.4581577349963482,1.458157735,,,,,,,,,,,
10,[1.8120959769948968],['Target'],1.8120959769948968,1.812095977,,,,,,,,,,,
10,[1.5857122519955738],['Target'],1.5857122519955738,1.585712252,,,,,,,,,,,
10,[1.5424846170062665],['Target'],1.5424846170062665,1.542484617,,,,,,,,,,,
10,[1.1161623279986088],['Target'],1.1161623279986088,1.116162328,,,,,,,,,,,
10,[1.6389019429989276],['Target'],1.6389019429989276,1.638901943,,,,,,,,,,,
10,[1.2024339320050785],['Target'],1.2024339320050785,1.202433932,,,,,,,,,,,
10,[1.0548750960006146],['Target'],1.0548750960006146,1.054875096,,,,,,,,,,,
10,[1.476839625996945],['Target'],1.476839625996945,1.476839626,,,,,,,,,,,
10,[1.0764099519947194],['Target'],1.0764099519947194,1.076409952,,,,,,,,,,,
10,[1.5407387149971328],['Target'],1.5407387149971328,1.540738715,,,,,,,,,,,
10,[1.423049192999315],['Target'],1.423049192999315,1.423049193,,,,,,,,,,,
10,[2.26068171299994],['Target'],2.26068171299994,2.260681713,,,,,,,,,,,
10,[1.391571815001953],['Target'],1.391571815001953,1.391571815,,,,,,,,,,,
10,[1.3073831820001942],['Target'],1.3073831820001942,1.307383182,,,,,,,,,,,
10,[2.1318728539990843],['Target'],2.1318728539990843,2.131872854,,,,,,,,,,,
10,[1.5029083879999234],['Target'],1.5029083879999234,1.502908388,,,,,,,,,,,
10,[1.8461871760009672],['Target'],1.8461871760009672,1.846187176,,,,,,,,,,,
10,[1.1306235759984702],['Target'],1.1306235759984702,1.130623576,,,,,,,,,,,
10,[1.0417152820009505],['Target'],1.0417152820009505,1.041715282,,,,,,,,,,,
10,[0.9405834380013403],['Target'],0.9405834380013403,0.940583438,,,,,,,,,,,
10,[1.957511455999338],['Target'],1.957511455999338,1.957511456,,,,,,,,,,,
10,[1.224285381998925],['Target'],1.224285381998925,1.224285382,,,,,,,,,,,
10,[1.173103817003721],['Target'],1.173103817003721,1.173103817,,,,,,,,,,,
10,[1.7601640979992226],['Target'],1.7601640979992226,1.760164098,,,,,,,,,,,
10,[1.2050559790004627],['Target'],1.2050559790004627,1.205055979,,,,,,,,,,,
10,[1.4593767680053134],['Target'],1.4593767680053134,1.459376768,,,,,,,,,,,
10,[2.0261300620040856],['Target'],2.0261300620040856,2.026130062,,,,,,,,,,,
10,[1.3811158480020822],['Target'],1.3811158480020822,1.381115848,,,,,,,,,,,
10,[1.0680325989960693],['Target'],1.0680325989960693,1.068032599,,,,,,,,,,,
10,[0.9421806589962216],['Target'],0.9421806589962216,0.942180659,,,,,,,,,,,
10,[2.373057862998394],['Target'],2.373057862998394,2.373057863,,,,,,,,,,,
10,[1.9192258569964906],['Target'],1.9192258569964906,1.919225857,,,,,,,,,,,
10,[1.597674199998437],['Target'],1.597674199998437,1.5976742,,,,,,,,,,,
10,[2.725673166998604],['Target'],2.725673166998604,2.725673167,,,,,,,,,,,
10,[0.8683690190009656],['Target'],0.8683690190009656,0.868369019,,,,,,,,,,,
10,[1.890258879000612],['Target'],1.890258879000612,1.890258879,,,,,,,,,,,
10,[1.6054655740008457],['Target'],1.6054655740008457,1.605465574,,,,,,,,,,,
10,[0.9721176599996397],['Target'],0.9721176599996397,0.97211766,,,,,,,,,,,
10,[1.4027870279969648],['Target'],1.4027870279969648,1.402787028,,,,,,,,,,,
10,[1.9165993890055688],['Target'],1.9165993890055688,1.916599389,,,,,,,,,,,
10,[1.488637649003067],['Target'],1.488637649003067,1.488637649,,,,,,,,,,,
10,[1.4935925669997232],['Target'],1.4935925669997232,1.493592567,,,,,,,,,,,
10,[1.2183761799969943],['Target'],1.2183761799969943,1.21837618,,,,,,,,,,,
10,[0.9701437580006314],['Target'],0.9701437580006314,0.970143758,,,,,,,,,,,
10,[1.0042789189974428],['Target'],1.0042789189974428,1.004278919,,,,,,,,,,,
10,[1.292318215004343],['Target'],1.292318215004343,1.292318215,,,,,,,,,,,
10,[1.766197753000597],['Target'],1.766197753000597,1.766197753,,,,,,,,,,,
10,[1.7795318420030526],['Target'],1.7795318420030526,1.779531842,,,,,,,,,,,
10,[2.3312075160065433],['Target'],2.3312075160065433,2.331207516,,,,,,,,,,,
10,[1.2686605429989868],['Target'],1.2686605429989868,1.268660543,,,,,,,,,,,
10,[1.7664360979979392],['Target'],1.7664360979979392,1.766436098,,,,,,,,,,,
10,[1.4577822380015277],['Target'],1.4577822380015277,1.457782238,,,,,,,,,,,
10,[2.520095384999877],['Target'],2.520095384999877,2.520095385,,,,,,,,,,,
10,[1.3300620390000404],['Target'],1.3300620390000404,1.330062039,,,,,,,,,,,
10,[2.5696546399994986],['Target'],2.5696546399994986,2.56965464,,,,,,,,,,,
10,[3.3305390930036083],['Target'],3.3305390930036083,3.330539093,,,,,,,,,,,
10,[1.7860366759996396],['Target'],1.7860366759996396,1.786036676,,,,,,,,,,,
10,[1.4388187079966883],['Target'],1.4388187079966883,1.438818708,,,,,,,,,,,
10,[2.795782084001985],['Target'],2.795782084001985,2.795782084,,,,,,,,,,,
10,[1.0512469449968194],['Target'],1.0512469449968194,1.051246945,,,,,,,,,,,
10,[2.4940820909978356],['Target'],2.4940820909978356,2.494082091,,,,,,,,,,,
10,[1.032388286999776],['Target'],1.032388286999776,1.032388287,,,,,,,,,,,
10,[1.2486486029956723],['Target'],1.2486486029956723,1.248648603,,,,,,,,,,,
10,[0.9099068209980032],['Target'],0.9099068209980032,0.909906821,,,,,,,,,,,
10,[2.9868965900022886],['Target'],2.9868965900022886,2.98689659,,,,,,,,,,,
10,[1.4089879789971747],['Target'],1.4089879789971747,1.408987979,,,,,,,,,,,
10,[1.684270714999002],['Target'],1.684270714999002,1.684270715,,,,,,,,,,,
10,[1.554074354993645],['Target'],1.554074354993645,1.554074355,,,,,,,,,,,
10,[1.9631000939989462],['Target'],1.9631000939989462,1.963100094,,,,,,,,,,,
10,[1.252734027999395],['Target'],1.252734027999395,1.252734028,,,,,,,,,,,
10,[1.108849732998351],['Target'],1.108849732998351,1.108849733,,,,,,,,,,,
10,[1.5997627889955766],['Target'],1.5997627889955766,1.599762789,,,,,,,,,,,
10,[1.2902284840020002],['Target'],1.2902284840020002,1.290228484,,,,,,,,,,,
10,[2.037736999001936],['Target'],2.037736999001936,2.037736999,,,,,,,,,,,
10,[1.8383640039974125],['Target'],1.8383640039974125,1.838364004,,,,,,,,,,,
10,[1.565886379998119],['Target'],1.565886379998119,1.56588638,,,,,,,,,,,
10,[1.3748282140004449],['Target'],1.3748282140004449,1.374828214,,,,,,,,,,,
10,[1.2455908300034935],['Target'],1.2455908300034935,1.24559083,,,,,,,,,,,
10,[2.0541769420015044],['Target'],2.0541769420015044,2.054176942,,,,,,,,,,,
10,[1.3090646760028903],['Target'],1.3090646760028903,1.309064676,,,,,,,,,,,
10,[1.9506296719991951],['Target'],1.9506296719991951,1.950629672,,,,,,,,,,,
10,[2.2158874470042065],['Target'],2.2158874470042065,2.215887447,,,,,,,,,,,
10,[2.0023519400056102],['Target'],2.0023519400056102,2.00235194,,,,,,,,,,,
10,[1.7770804789979593],['Target'],1.7770804789979593,1.777080479,,,,,,,,,,,
10,[1.515717845002655],['Target'],1.515717845002655,1.515717845,,,,,,,,,,,
10,[1.555877225000586],['Target'],1.555877225000586,1.555877225,,,,,,,,,,,
10,[2.1955647130016587],['Target'],2.1955647130016587,2.195564713,,,,,,,,,,,
10,[1.227020188998722],['Target'],1.227020188998722,1.227020189,,,,,,,,,,,
10,[2.541223804000765],['Target'],2.541223804000765,2.541223804,,,,,,,,,,,
10,[1.158862299998873],['target'],1.158862299998873,1.1588623,,,,,,,,,,,
10,[1.9384774999998626],['target'],1.9384774999998626,1.9384775,,,,,,,,,,,
10,[2.6970194000004994],['target'],2.6970194000004994,2.6970194,,,,,,,,,,,
10,[1.679081700000097],['target'],1.679081700000097,1.6790817,,,,,,,,,,,
10,[1.6783875999990414],['target'],1.6783875999990414,1.6783876,,,,,,,,,,,
10,[1.711351800000557],['target'],1.711351800000557,1.7113518,,,,,,,,,,,
10,[1.3771289000014804],['target'],1.3771289000014804,1.3771289,,,,,,,,,,,
10,[1.07640739999988],['target'],1.07640739999988,1.0764074,,,,,,,,,,,
10,[1.0966024999997899],['target'],1.0966024999997899,1.0966025,,,,,,,,,,,
10,[1.4111436000002868],['target'],1.4111436000002868,1.4111436,,,,,,,,,,,
10,[1.8070793999995658],['target'],1.8070793999995658,1.8070794,,,,,,,,,,,
10,[1.1457157999993797],['target'],1.1457157999993797,1.1457158,,,,,,,,,,,
10,[0.9964787999997498],['target'],0.9964787999997498,0.9964788,,,,,,,,,,,
10,[1.5465207999986887],['target'],1.5465207999986887,1.5465208,,,,,,,,,,,
10,[1.7943270000014309],['target'],1.7943270000014309,1.794327,,,,,,,,,,,
10,[1.4796031999994739],['target'],1.4796031999994739,1.4796032,,,,,,,,,,,
10,[1.4943523000001733],['target'],1.4943523000001733,1.4943523,,,,,,,,,,,
10,[1.530175899999449],['target'],1.530175899999449,1.5301759,,,,,,,,,,,
10,[1.3794261000002734],['target'],1.3794261000002734,1.3794261,,,,,,,,,,,
10,[1.3292282999991585],['target'],1.3292282999991585,1.3292283,,,,,,,,,,,
10,[1.488611699998728],['target'],1.488611699998728,1.4886117,,,,,,,,,,,
10,[1.3787393999991764],['target'],1.3787393999991764,1.3787394,,,,,,,,,,,
10,[1.3293152999995073],['target'],1.3293152999995073,1.3293153,,,,,,,,,,,
10,[1.162276999999449],['target'],1.162276999999449,1.162277,,,,,,,,,,,
10,[1.595677399998749],['target'],1.595677399998749,1.5956774,,,,,,,,,,,
10,[1.413875199999893],['target'],1.413875199999893,1.4138752,,,,,,,,,,,
10,[1.5786563999990904],['target'],1.5786563999990904,1.5786564,,,,,,,,,,,
10,[1.477406300000439],['target'],1.477406300000439,1.4774063,,,,,,,,,,,
10,[1.496612400000231],['target'],1.496612400000231,1.4966124,,,,,,,,,,,
10,[2.046183200000087],['target'],2.046183200000087,2.0461832,,,,,,,,,,,
10,[1.5296949999992648],['target'],1.5296949999992648,1.529695,,,,,,,,,,,
10,[1.4452791000003344],['target'],1.4452791000003344,1.4452791,,,,,,,,,,,
10,[1.3801168000009056],['target'],1.3801168000009056,1.3801168,,,,,,,,,,,
10,[1.6629472999993595],['target'],1.6629472999993595,1.6629473,,,,,,,,,,,
10,[1.3628120000012132],['target'],1.3628120000012132,1.362812,,,,,,,,,,,
10,[1.9731795999996393],['target'],1.9731795999996393,1.9731796,,,,,,,,,,,
10,[1.580689299998994],['target'],1.580689299998994,1.5806893,,,,,,,,,,,
10,[1.4275617000002967],['target'],1.4275617000002967,1.4275617,,,,,,,,,,,
10,[1.5471460999997362],['target'],1.5471460999997362,1.5471461,,,,,,,,,,,
10,[1.178227500000503],['target'],1.178227500000503,1.1782275,,,,,,,,,,,
10,[1.396328299999368],['target'],1.396328299999368,1.3963283,,,,,,,,,,,
10,[1.6916930000006687],['target'],1.6916930000006687,1.691693,,,,,,,,,,,
10,[1.1292438000000402],['target'],1.1292438000000402,1.1292438,,,,,,,,,,,
10,[1.6877879999992729],['target'],1.6877879999992729,1.687788,,,,,,,,,,,
10,[1.2959162999995897],['target'],1.2959162999995897,1.2959163,,,,,,,,,,,
10,[1.0790575999999419],['target'],1.0790575999999419,1.0790576,,,,,,,,,,,
10,[1.4275706999997055],['target'],1.4275706999997055,1.4275707,,,,,,,,,,,
10,[1.9307597000006353],['target'],1.9307597000006353,1.9307597,,,,,,,,,,,
10,[2.1773095999997167],['target'],2.1773095999997167,2.1773096,,,,,,,,,,,
10,[1.479392100000041],['target'],1.479392100000041,1.4793921,,,,,,,,,,,
10,[1.2454953000014939],['target'],1.2454953000014939,1.2454953,,,,,,,,,,,
10,[1.3962179999998625],['target'],1.3962179999998625,1.396218,,,,,,,,,,,
10,[1.3280589999994845],['target'],1.3280589999994845,1.328059,,,,,,,,,,,
10,[1.5243107999995118],['target'],1.5243107999995118,1.5243108,,,,,,,,,,,
10,[1.2405096000002231],['target'],1.2405096000002231,1.2405096,,,,,,,,,,,
10,[1.2136652000008326],['target'],1.2136652000008326,1.2136652,,,,,,,,,,,
10,[1.9616779000007227],['target'],1.9616779000007227,1.9616779,,,,,,,,,,,
10,[1.729949200000192],['target'],1.729949200000192,1.7299492,,,,,,,,,,,
10,[1.8792874999999185],['target'],1.8792874999999185,1.8792875,,,,,,,,,,,
10,[1.4064675999998144],['target'],1.4064675999998144,1.4064676,,,,,,,,,,,
10,[1.54571229999965],['target'],1.54571229999965,1.5457123,,,,,,,,,,,
10,[1.7263404999994236],['target'],1.7263404999994236,1.7263405,,,,,,,,,,,
10,[1.31281669999953],['target'],1.31281669999953,1.3128167,,,,,,,,,,,
10,[1.530816500000583],['target'],1.530816500000583,1.5308165,,,,,,,,,,,
10,[1.4292824000003748],['target'],1.4292824000003748,1.4292824,,,,,,,,,,,
10,[1.2747660000004544],['target'],1.2747660000004544,1.274766,,,,,,,,,,,
10,[1.4798492000008991],['target'],1.4798492000008991,1.4798492,,,,,,,,,,,
10,[1.7121929000004457],['target'],1.7121929000004457,1.7121929,,,,,,,,,,,
10,[1.2957094000012148],['target'],1.2957094000012148,1.2957094,,,,,,,,,,,
10,[1.4300449999991542],['target'],1.4300449999991542,1.430045,,,,,,,,,,,
10,[1.9314407000001665],['target'],1.9314407000001665,1.9314407,,,,,,,,,,,
10,[1.2291592000001401],['target'],1.2291592000001401,1.2291592,,,,,,,,,,,
10,[1.0625631000002613],['target'],1.0625631000002613,1.0625631,,,,,,,,,,,
10,[1.5422214999998687],['target'],1.5422214999998687,1.5422215,,,,,,,,,,,
10,[1.8940919999986363],['target'],1.8940919999986363,1.894092,,,,,,,,,,,
10,[0.944638600001781],['target'],0.944638600001781,0.9446386,,,,,,,,,,,
10,[1.3759501000004093],['target'],1.3759501000004093,1.3759501,,,,,,,,,,,
10,[1.7126673000002484],['target'],1.7126673000002484,1.7126673,,,,,,,,,,,
10,[1.3299877999997989],['target'],1.3299877999997989,1.3299878,,,,,,,,,,,
10,[1.7966808999990462],['target'],1.7966808999990462,1.7966809,,,,,,,,,,,
10,[1.2063065000002098],['target'],1.2063065000002098,1.2063065,,,,,,,,,,,
10,[1.3595669000005728],['target'],1.3595669000005728,1.3595669,,,,,,,,,,,
10,[1.1619786999999633],['target'],1.1619786999999633,1.1619787,,,,,,,,,,,
10,[2.1444418000010046],['target'],2.1444418000010046,2.1444418,,,,,,,,,,,
10,[1.7113921999989543],['target'],1.7113921999989543,1.7113922,,,,,,,,,,,
10,[1.1800555999998323],['target'],1.1800555999998323,1.1800556,,,,,,,,,,,
10,[1.3066296999986662],['target'],1.3066296999986662,1.3066297,,,,,,,,,,,
10,[1.1799871000002895],['target'],1.1799871000002895,1.1799871,,,,,,,,,,,
10,[1.4443862999996782],['target'],1.4443862999996782,1.4443863,,,,,,,,,,,
10,[1.328970600001412],['target'],1.328970600001412,1.3289706,,,,,,,,,,,
10,[1.155312099999719],['target'],1.155312099999719,1.1553121,,,,,,,,,,,
10,[1.6442046000011032],['target'],1.6442046000011032,1.6442046,,,,,,,,,,,
10,[1.7974002999999357],['target'],1.7974002999999357,1.7974003,,,,,,,,,,,
10,[1.3446267999988777],['target'],1.3446267999988777,1.3446268,,,,,,,,,,,
10,[1.229992200000197],['target'],1.229992200000197,1.2299922,,,,,,,,,,,
10,[1.5125081999995018],['target'],1.5125081999995018,1.5125082,,,,,,,,,,,
10,[1.6680606999998417],['target'],1.6680606999998417,1.6680607,,,,,,,,,,,
10,[1.4290356999990763],['target'],1.4290356999990763,1.4290357,,,,,,,,,,,
10,[1.2385711999995692],['target'],1.2385711999995692,1.2385712,,,,,,,,,,,
10,[1.96013049999965],['target'],1.96013049999965,1.9601305,,,,,,,,,,,
10,[1.2415664000000106],['target'],1.2415664000000106,1.2415664,,,,,,,,,,,
10,[2.0298612999995385],['target'],2.0298612999995385,2.0298613,,,,,,,,,,,
10,[1.3581814000008308],['target'],1.3581814000008308,1.3581814,,,,,,,,,,,
10,[2.246536800001195],['target'],2.246536800001195,2.2465368,,,,,,,,,,,
10,[1.7275562000013451],['target'],1.7275562000013451,1.7275562,,,,,,,,,,,
10,[1.9290571000001364],['target'],1.9290571000001364,1.9290571,,,,,,,,,,,
10,[1.0876600999999937],['target'],1.0876600999999937,1.0876601,,,,,,,,,,,
10,[1.5128684999999678],['target'],1.5128684999999678,1.5128685,,,,,,,,,,,
10,[1.2933135999992373],['target'],1.2933135999992373,1.2933136,,,,,,,,,,,
10,[1.8121621000009327],['target'],1.8121621000009327,1.8121621,,,,,,,,,,,
10,[1.3857475000004342],['target'],1.3857475000004342,1.3857475,,,,,,,,,,,
10,[1.9572158999999374],['target'],1.9572158999999374,1.9572159,,,,,,,,,,,
10,[1.661181299999953],['target'],1.661181299999953,1.6611813,,,,,,,,,,,
10,[1.1261727999990399],['target'],1.1261727999990399,1.1261728,,,,,,,,,,,
10,[2.445784799998364],['target'],2.445784799998364,2.4457848,,,,,,,,,,,
10,[1.8443805999995675],['target'],1.8443805999995675,1.8443806,,,,,,,,,,,
10,[1.995824100000391],['target'],1.995824100000391,1.9958241,,,,,,,,,,,
10,[1.9438449999997829],['target'],1.9438449999997829,1.943845,,,,,,,,,,,
10,[1.8120155000015075],['target'],1.8120155000015075,1.8120155,,,,,,,,,,,
10,[1.2278654000001552],['target'],1.2278654000001552,1.2278654,,,,,,,,,,,
10,[2.356960099999924],['target'],2.356960099999924,2.3569601,,,,,,,,,,,
10,[1.8284866000012698],['target'],1.8284866000012698,1.8284866,,,,,,,,,,,
10,[2.9622749000009208],['target'],2.9622749000009208,2.9622749,,,,,,,,,,,
10,[1.541485499999908],['target'],1.541485499999908,1.5414855,,,,,,,,,,,
10,[1.5777481999994052],['target'],1.5777481999994052,1.5777482,,,,,,,,,,,
10,[1.3258108000009088],['target'],1.3258108000009088,1.3258108,,,,,,,,,,,
10,[1.5579474000005575],['target'],1.5579474000005575,1.5579474,,,,,,,,,,,
10,[1.6620669000003545],['target'],1.6620669000003545,1.6620669,,,,,,,,,,,
10,[1.592844899998454],['target'],1.592844899998454,1.5928449,,,,,,,,,,,
10,[1.6786456000008911],['target'],1.6786456000008911,1.6786456,,,,,,,,,,,
10,[1.9287089999997988],['target'],1.9287089999997988,1.928709,,,,,,,,,,,
10,[1.2418273000002955],['target'],1.2418273000002955,1.2418273,,,,,,,,,,,
10,[1.4263694000001124],['target'],1.4263694000001124,1.4263694,,,,,,,,,,,
10,[1.9917218999999022],['target'],1.9917218999999022,1.9917219,,,,,,,,,,,
10,[3.292521900000793],['target'],3.292521900000793,3.2925219,,,,,,,,,,,
10,[1.7282635000010487],['target'],1.7282635000010487,1.7282635,,,,,,,,,,,
10,[1.9716483000011067],['target'],1.9716483000011067,1.9716483,,,,,,,,,,,
10,[1.3626342999996268],['target'],1.3626342999996268,1.3626343,,,,,,,,,,,
10,[1.6610797000012099],['target'],1.6610797000012099,1.6610797,,,,,,,,,,,
10,[1.5110457999999198],['target'],1.5110457999999198,1.5110458,,,,,,,,,,,
10,[1.8957671000007394],['target'],1.8957671000007394,1.8957671,,,,,,,,,,,
10,[1.895387300000948],['target'],1.895387300000948,1.8953873,,,,,,,,,,,
10,[1.9782527000006667],['target'],1.9782527000006667,1.9782527,,,,,,,,,,,
10,[1.8119922000005317],['target'],1.8119922000005317,1.8119922,,,,,,,,,,,
10,[1.1615321000008407],['target'],1.1615321000008407,1.1615321,,,,,,,,,,,
10,[1.6263691000003746],['target'],1.6263691000003746,1.6263691,,,,,,,,,,,
10,[1.6951544000003196],['target'],1.6951544000003196,1.6951544,,,,,,,,,,,
10,[1.1627253000006021],['target'],1.1627253000006021,1.1627253,,,,,,,,,,,
10,[1.2436846000000514],['target'],1.2436846000000514,1.2436846,,,,,,,,,,,
10,[1.304664999999659],['target'],1.304664999999659,1.304665,,,,,,,,,,,
10,[1.7776804000004631],['target'],1.7776804000004631,1.7776804,,,,,,,,,,,
10,[1.4195104999998875],['target'],1.4195104999998875,1.4195105,,,,,,,,,,,
10,[1.412079800000356],['target'],1.412079800000356,1.4120798,,,,,,,,,,,
10,[1.8957276000001002],['target'],1.8957276000001002,1.8957276,,,,,,,,,,,
10,[1.6278517999999167],['target'],1.6278517999999167,1.6278518,,,,,,,,,,,
10,[1.557041300000492],['target'],1.557041300000492,1.5570413,,,,,,,,,,,
10,[1.7285133000004862],['target'],1.7285133000004862,1.7285133,,,,,,,,,,,
10,[1.578349999999773],['target'],1.578349999999773,1.57835,,,,,,,,,,,
10,[2.0129901000000245],['target'],2.0129901000000245,2.0129901,,,,,,,,,,,
10,[2.0577487999998993],['target'],2.0577487999998993,2.0577488,,,,,,,,,,,
10,[1.3278444999996282],['target'],1.3278444999996282,1.3278445,,,,,,,,,,,
10,[1.8936434999995981],['target'],1.8936434999995981,1.8936435,,,,,,,,,,,
10,[2.8120221000008314],['target'],2.8120221000008314,2.8120221,,,,,,,,,,,
10,[1.6253637999998318],['target'],1.6253637999998318,1.6253638,,,,,,,,,,,
10,[2.087345499998264],['target'],2.087345499998264,2.0873455,,,,,,,,,,,
10,[1.5284274000005098],['target'],1.5284274000005098,1.5284274,,,,,,,,,,,
10,[2.2296416999997746],['target'],2.2296416999997746,2.2296417,,,,,,,,,,,
10,[2.1460690000003524],['target'],2.1460690000003524,2.146069,,,,,,,,,,,
10,[1.3282772000002296],['target'],1.3282772000002296,1.3282772,,,,,,,,,,,
10,[2.4594668000008824],['target'],2.4594668000008824,2.4594668,,,,,,,,,,,
10,[1.2954860999998346],['target'],1.2954860999998346,1.2954861,,,,,,,,,,,
10,[1.462233500000366],['target'],1.462233500000366,1.4622335,,,,,,,,,,,
10,[1.378175400001055],['target'],1.378175400001055,1.3781754,,,,,,,,,,,
10,[0.9951326999998855],['target'],0.9951326999998855,0.9951327,,,,,,,,,,,
10,[1.8781803999991098],['target'],1.8781803999991098,1.8781804,,,,,,,,,,,
10,[1.7609851000015624],['target'],1.7609851000015624,1.7609851,,,,,,,,,,,
10,[1.3584399000010308],['target'],1.3584399000010308,1.3584399,,,,,,,,,,,
10,[1.8123980999989726],['target'],1.8123980999989726,1.8123981,,,,,,,,,,,
10,[2.026807899999767],['target'],2.026807899999767,2.0268079,,,,,,,,,,,
10,[1.508111099999951],['target'],1.508111099999951,1.5081111,,,,,,,,,,,
10,[1.692971000000398],['target'],1.692971000000398,1.692971,,,,,,,,,,,
10,[1.7791138000011415],['target'],1.7791138000011415,1.7791138,,,,,,,,,,,
10,[1.994963999999527],['target'],1.994963999999527,1.994964,,,,,,,,,,,
10,[2.8458453999992344],['target'],2.8458453999992344,2.8458454,,,,,,,,,,,
10,[1.676919599998655],['target'],1.676919599998655,1.6769196,,,,,,,,,,,
10,[1.3950433999998495],['target'],1.3950433999998495,1.3950434,,,,,,,,,,,
10,[1.9081225999998424],['target'],1.9081225999998424,1.9081226,,,,,,,,,,,
10,[1.7610922999992908],['target'],1.7610922999992908,1.7610923,,,,,,,,,,,
10,[2.4303982999990694],['target'],2.4303982999990694,2.4303983,,,,,,,,,,,
10,[1.8446342999995977],['target'],1.8446342999995977,1.8446343,,,,,,,,,,,
10,[3.2051083000005747],['target'],3.2051083000005747,3.2051083,,,,,,,,,,,
10,[1.6610810000001948],['target'],1.6610810000001948,1.661081,,,,,,,,,,,
10,[3.1450044000011985],['target'],3.1450044000011985,3.1450044,,,,,,,,,,,
10,[2.8944754999993165],['target'],2.8944754999993165,2.8944755,,,,,,,,,,,
10,[2.086789199998748],['target'],2.086789199998748,2.0867892,,,,,,,,,,,
10,[1.374479699999938],['target'],1.374479699999938,1.3744797,,,,,,,,,,,
10,[1.7617238999991969],['target'],1.7617238999991969,1.7617239,,,,,,,,,,,
10,[2.7603514999991603],['target'],2.7603514999991603,2.7603515,,,,,,,,,,,
10,[2.6957673000015347],['target'],2.6957673000015347,2.6957673,,,,,,,,,,,
10,[2.144021000000066],['target'],2.144021000000066,2.144021,,,,,,,,,,,
10,[2.126414599999407],['target'],2.126414599999407,2.1264146,,,,,,,,,,,
10,[1.4973667000012938],['target'],1.4973667000012938,1.4973667,,,,,,,,,,,
10,[1.5104986999995162],['target'],1.5104986999995162,1.5104987,,,,,,,,,,,
10,[3.2244088999996166],['target'],3.2244088999996166,3.2244089,,,,,,,,,,,
10,[1.5955568999997922],['target'],1.5955568999997922,1.5955569,,,,,,,,,,,
,,,,,,,,,,,,,,,
,,,,,,,,,,,Table,,,,
,,,,,,,,,,,,Set size of 5,Set size of 10,Total Average,Slope Size (y2-y1)/(x2-x1)
,,,,,,,,,,,Average 1,1.27935589,1.335426981,1.307391436,0.011214218
,,,,,,,,,,,Average 2,1.562882094,2.024319333,1.775143224,0.092287448
,,,,,,,,,,,Average 3,1.557029523,1.55984131,1.558618182,0.000562357
,,,,,,,,,,,Average 4,1.47837813,1.486903409,1.482796992,0.001705056
,,,,,,,,,,,Average 5,1.631096564,1.816681569,1.7891429,0.037117001
,,,,,,,,,,,Total Average,1.500060757,1.64064605,1.118372667,0.028117059